thread_id,customer_tweet_id,customer_text,uber_tweet_id,uber_reply,thread_length,tentative_intent,ground_truth_intent,ground_truth_escalate,escalation_reason,notes,gold_standard_reply
379532,379532,@user Unable to add promo code to my account. Please help.,379531,"@user Hello Harsh, here to help. Send us a note at https://t.co/O1dsjntprg so our team can connect.",2,app_account_access,app_account_access,False,Can be auto-handled with standard protocol / DM guidance,,"Hi there! I’m sorry to hear you’re having trouble adding your promo code. Please DM me your registered phone number and email address, and I’ll get this sorted out for you as quickly as possible. Thank you for your patience!"
2920575,2920575,"Worst driver ever @user. He stopped to pee, swerved, is spitting mucus into a cup every 2 mins, reached for meds while driving, and can't read directions. Would have gotten out but tired from travels and tons of bags. He should be retired. Car is dirty too. #ubercomplaint #Uber",2920574,@user Hi there! Please reach out to https://t.co/zUe0dj6yoX and fill out the 4 boxes at the bottom so we can get in touch.,2,driver_service_conduct,driver_service_conduct,False,Can be auto-handled with standard protocol / DM guidance,,I'm really sorry to hear about your experience. Your safety and comfort are our top priorities. Please DM us your phone number so our safety team can reach out and assist you further. Thank you for bringing this to our attention.
822247,822247,"If you’re a woman and value your safety, don’t use @user They won’t respond to your complaint even when you called 911 and had police come out. #thankyounypd @Uber_Support doesn’t care.",822245,@user Hey there! We've just followed up with you via DM.,3,safety_critical,safety_critical,True,P0 physical safety risk requires immediate human safety team triage,,I'm truly sorry to hear about your experience and understand how concerning this situation is. Your safety is our top priority. Please DM us your phone number so our safety team can reach out to you directly. We're here to help you through this.
1591559,1591559,My dad got a $40 clean up fee in an @user last night for something he didn’t do and they won’t reverse the charge. Ridiculous.,1591558,"@user Due to our privacy policy, we will have to speak directly to the account holder. Please DM us the email address associated with the account.",2,fare_billing_dispute,fare_billing_dispute,False,Can be auto-handled with standard protocol / DM guidance,,I’m really sorry to hear about the unexpected clean-up fee your dad received. I understand how frustrating this can be. Please DM me with his account email and the trip details so I can help resolve this issue for you. Thank you for your patience!
602833,602833,@user trying to track down a lost item during my last ride and y’all have been 0 help. Thanks,602832,@user Here to help! Send us a note via https://t.co/oY5vj3NqP3 so we can assist.,2,lost_item,lost_item,False,Can be auto-handled with standard protocol / DM guidance,,"I’m really sorry to hear you’re having trouble with your lost item. Please check the app under Activity > Find lost item > Contact driver for assistance. If you need further help, feel free to DM me your email and trip details. We’re here to help!"
656438,656438,hey @user this sucks please let us add new payment methods via web bc many of us put cards in our password managers https://t.co/QfgymvZrX5,656437,@user We're so sorry for the trouble. Send us a note via https://t.co/OhfgxSAY58 so we can assist.,2,app_account_access,app_account_access,False,Can be auto-handled with standard protocol / DM guidance,,"I totally understand your frustration! Adding payment methods via the web would definitely make things easier for many of us. While I can't make changes myself, I appreciate your feedback. Please DM me your registered email and phone number so I can pass this along to the right team. Thank you!"
699911,699911,Wtf got a notification that my @user password was changed..,699909,@user Sorry to hear about that! Can you please contact us via https://t.co/kGIXas5Cxg so our team can connect?,3,app_account_access,app_account_access,False,Can be auto-handled with standard protocol / DM guidance,,I'm really sorry to hear about the password change notification. Your account security is our top priority. Please DM us your registered phone number and email so our tech team can assist you right away. We're here to help!
310013,310013,"@user hi,I've got charged for a trip where thedriver didn't come to the correct pickup location so I cancelled it.Can I get a proper refund?",310012,@user We're here to help! Please send us a note via https://t.co/h840Iouehc so our team can connect.,2,fare_billing_dispute,fare_billing_dispute,False,Can be auto-handled with standard protocol / DM guidance,,"I'm sorry to hear about the confusion with your pickup location. I understand how frustrating unexpected charges can be. Please DM me your account email and the trip details, and I'll help you get this sorted out. Thank you for your patience!"
1491930,1491930,"@Uber_Support when am i going to be an uber select driver, i have the car, the rides (50+) and 5 stars",1491929,@user Here to help. Send us a note at https://t.co/ZKt0NHVs3P so our team can connect.,2,general_feedback_other,general_feedback_other,False,Can be auto-handled with standard protocol / DM guidance,,"Thanks for reaching out! It’s great to hear you have the qualifications for Uber Select. The approval process can vary, but I recommend checking your driver app for any updates or requirements. If you have more questions, feel free to DM us! We're here to help."
1843728,1843728,"@user you should have a feature where you can add credits to your Uber account, by winning stuff and drawing in giveaways u know.",1843726,@user We'll be happy to take a closer look. Send us a note via https://t.co/zUe0dj6yoX so our team can connect.,3,general_feedback_other,general_feedback_other,False,Can be auto-handled with standard protocol / DM guidance,,"Thanks for your suggestion! We love hearing creative ideas from our community, and adding a feature for credits through giveaways sounds interesting. We'll pass this along to our team for consideration. If you have more thoughts, feel free to DM us!"
2482786,2482786,"@Uber_Support please help. I changed my number but I can't log back into my account since it's based on my old number, what to do?",2482784,@user Here to help! Send us a note via https://t.co/dwDjAokZht so our team can assist.,3,general_feedback_other,general_feedback_other,False,Can be auto-handled with standard protocol / DM guidance,,I'm sorry to hear you're having trouble accessing your account after changing your number. Please DM us your registered email and the new phone number so our tech team can help you get back in. We're here for you!
2493966,2493966,@user Got out of the hospital last Wednesday. Can't drive. Can you hook a girl up with some codes?,2493964,@user We're here to help! Please send us a DM with your email address so we can assist.,4,safety_critical,safety_critical,True,P0 physical safety risk requires immediate human safety team triage,,I'm really sorry to hear about your situation. Your safety is our top priority. Please DM us your phone number so our safety team can reach out and assist you. We're here for you!
349654,349654,"@Uber_Support just charged me for a ride that I never took. I waited for the driver, called the driver - he never showed up, but charged me.",349653,"@user That's not okay, Michelle. Please send us a note at https://t.co/593jusCquh so we can look into this for you.",2,fare_billing_dispute,fare_billing_dispute,False,Can be auto-handled with standard protocol / DM guidance,,"I'm really sorry to hear about the charge for a ride you didn't take. I understand how frustrating this must be. Please DM me your account email and the trip details, and I'll help you resolve this. Thank you for your patience!"
2968437,2968437,@Uber_Support one of your drivers just flipped me off after she canceled on me while I was looking at her car. I was on the phone with her trying to locate her because she wouldn't come to my pick up location,2968436,@user Sorry to hear this was your experience! Please send us a DM with your email address so we can connect.,2,lost_item,lost_item,False,Can be auto-handled with standard protocol / DM guidance,,I'm really sorry to hear about your experience. That’s not how we want our riders to feel. Please DM us your phone number so we can connect you with our safety team to address this. Your safety is our priority!
1573815,1573815,@user I will make sure everyone knows how Uber let their drivers treat their customer. Your driver Pablo is unprofessional &amp; need to fire,1573814,@user Here to help! It seems a member of our team has reached out to you. Please check your email and follow up with them there.,2,driver_service_conduct,driver_service_conduct,False,Can be auto-handled with standard protocol / DM guidance,,"I'm truly sorry to hear about your experience with Pablo. Your feedback is important, and we take these matters seriously. Please DM us with your account email and trip details so we can address this appropriately. Thank you for bringing this to our attention."
2625710,2625710,"@user Jesus!! 1st try, can't change payment method. 2nd attempt, can't change post code. 3rd attempt, non-delivery after hour! Wankers",2625709,"@user Sorry to hear about that! Send us a DM with your email address and more information, so our team can further assist.",2,app_account_access,app_account_access,False,Can be auto-handled with standard protocol / DM guidance,,I'm really sorry to hear you're having such a frustrating experience with the app. I understand how important it is to get these issues resolved. Please DM me your registered phone number and email so our tech team can assist you promptly. Thank you for your patience!
2269671,2269671,@Uber_Support cancel this trip. The extremely rude driver has begun he trip without picking us,2269670,@user Here to help. Send us a note at https://t.co/e8HVorX5rh so our team can connect .,4,driver_service_conduct,driver_service_conduct,False,Can be auto-handled with standard protocol / DM guidance,,I'm really sorry to hear about your experience with the driver. Your comfort and safety are our top priorities. Please send us a DM with your phone number so we can assist you further and address this issue promptly. Thank you for your understanding!
2631639,2631639,@Uber_Support i cant access phone support doesnt work!!!!! Please help!,2631637,@user Here to help! Send us a note here; https://t.co/z2GegSP1EC and our team will be able to help.,3,lost_item,lost_item,False,Can be auto-handled with standard protocol / DM guidance,,"I'm sorry to hear you're having trouble accessing phone support! For lost items, please go to the app and navigate to Activity > Find lost item > Contact driver. If you need further assistance, feel free to DM me your email, and I'll help you out!"
1484256,1484256,"Now @user customer support just wrote back saying: ""Nope, charge was appropriate."" 🙄 Even at 50% off, it's not worth it. #deleteuber 7/7",1484257,@user Happy to help! Send us a DM with your email address and our team will follow up.,5,general_feedback_other,general_feedback_other,False,Can be auto-handled with standard protocol / DM guidance,,I’m sorry to hear you feel that way about your recent charge. I understand how frustrating unexpected fees can be. Please DM me your account email and trip details so I can look into this for you. Your feedback is important to us!
1563299,1563299,"My @user driver just verbally judged me for a 3:30am order. Yeah, it’s late, but I just worked a late event I barely ate at. Rude.",1563298,@user Happy to take a closer look! Send us a DM with your email address so we can follow up.,2,driver_service_conduct,driver_service_conduct,False,Can be auto-handled with standard protocol / DM guidance,,"I'm really sorry to hear about your experience. You deserve to feel respected, especially after a long night. Thank you for sharing this with us. If you'd like to discuss it further, please DM us your account email and any details about the trip. We're here to help!"
2927378,2927378,. @user hey your delivery person totally screwed up my husband's order! Wtf?!,2927377,@user We're here to help! Send us a DM with your email address so we can follow up.,2,general_feedback_other,general_feedback_other,False,Can be auto-handled with standard protocol / DM guidance,,"I’m really sorry to hear about the mix-up with your husband’s order! That’s frustrating, and I completely understand. Please DM us your account email and any details about the order so we can help resolve this for you. Thank you for your patience!"
2930419,2930419,I think I’m done with @user They are really playing with peoples $. I just received an email saying i was charged $15 dollars because my driver brought me back a lost item. This never happened.,2930418,@user We can definitely take a look! Send us a DM with your email address so we can follow up.,2,lost_item,lost_item,False,Can be auto-handled with standard protocol / DM guidance,,I’m really sorry to hear about the unexpected charge for a lost item that didn’t happen. I understand how frustrating this can be. Please DM us your account email and trip details so we can look into this for you. We're here to help!
518859,518859,@user is trash. Someone hacked my account and y’all allowed them to change the phone number to theirs after I messaged you letting you know,518856,@user Sorry to hear about that! Send us a DM (direct message) with your email address so we can assist you.,5,lost_item,lost_item,False,Can be auto-handled with standard protocol / DM guidance,,I'm really sorry to hear about your account being hacked. Your security is our top priority. Please DM us your registered phone number and email so our tech team can assist you right away. Thank you for your patience as we work to resolve this.
2503964,2503964,"@Uber_Support please check my messages, I want to complain about rude behavior of your cab driver as well as wrong charges credit on my account",2503963,"@user Sorry for the trouble! Send us a note here, https://t.co/e8HVorX5rh, and our team will be in touch.",5,driver_service_conduct,driver_service_conduct,False,Can be auto-handled with standard protocol / DM guidance,,I'm really sorry to hear about your experience with the driver and the unexpected charges. Your feedback is important to us. Please DM me your account email and trip details so we can look into this right away. Thank you for your patience!
2627871,2627871,@Uber_Support is the app down? Trying to log in but it’s not texting me verification codes,2627870,@user We're here to help! Send us a DM with your email address so we can connect.,2,app_account_access,app_account_access,False,Can be auto-handled with standard protocol / DM guidance,,"I'm sorry to hear you're having trouble logging in and not receiving verification codes. Let's get this sorted out! Please DM us with your registered phone number and email, and we'll have our tech team assist you right away. Thank you for your patience!"
1233010,1233010,Saw an uber/meter taxi squabble brewing eMhlanga. They were causing major traffic. Hope the police intervened,1233009,@user We take this very seriously. Please send us a DM with your email address so we can connect ASAP.,2,safety_critical,safety_critical,True,P0 physical safety risk requires immediate human safety team triage,,We’re sorry to hear about the situation in eMhlanga. Your safety is our top priority. Please DM us your phone number so our safety team can reach out and assist you. Thank you for bringing this to our attention!
305345,305345,"@user hello, Where do I address a complaint regarding the cost of a trip taken today due to the driver's error? Thanks :-)",305343,@user We're so sorry for the trouble. Send us a note via https://t.co/K05RdmK3t4 so we can assist.,5,fare_billing_dispute,fare_billing_dispute,False,Can be auto-handled with standard protocol / DM guidance,,Hi there! I completely understand how frustrating unexpected trip costs can be. Please DM us your account email and the trip details so we can look into this for you. We're here to help!
1927629,1927629,@Uber_Support I need some help.. I wanted to use the promo code for free delivery on orders over $30 but it placed my order before I could -,1927627,"@user Due to our privacy policy, we will have to speak directly to the account holder. Please have them contact us via https://t.co/balq3Eyso6",3,app_account_access,app_account_access,False,Can be auto-handled with standard protocol / DM guidance,,Hi there! I’m sorry to hear you missed the chance to use your promo code. Please DM me your registered phone number and email so I can assist you further and ensure you have a better experience next time. Thank you for your understanding!
531724,531724,@Uber_Support We left our babies things and shopping in carboot. Called driver immediately. His phone was off. Still off. Can you help. Seems wrong that we can't contact him.,531721,@user Here to help! Please send us a note via https://t.co/oY5vj3vPqt so we can connect.,5,lost_item,lost_item,False,Can be auto-handled with standard protocol / DM guidance,,"I'm so sorry to hear about your situation. I understand how stressful it can be to leave important items behind. Please check the app under Activity > Find lost item > Contact driver to reach out. If you need further assistance, feel free to DM us your email and trip details. We're here to help!"
936988,936988,Got into a car accident w/ a Uber trying to get to this free @user concert now I’m sitting on E. Houston/Bowery waiting for bum ass NYPD🤦🏽‍♀️,936987,@user We hope everyone's ok! Please DM us additional details and we'll be in touch momentarily.,2,safety_critical,safety_critical,True,P0 physical safety risk requires immediate human safety team triage,,"I'm really sorry to hear about your accident. Your safety is our top priority. Please DM us your phone number so our safety team can reach out and assist you right away. Hang in there, and we’re here to help!"
1231020,1231020,What’s the point of car seat options to schedule a ride if it’s never available @user? Time to check @user,1231019,"@user Car seats are currently only available in select locations. However, you're always welcome to bring your own car seat along for the ride.",4,general_feedback_other,general_feedback_other,False,Can be auto-handled with standard protocol / DM guidance,,"I completely understand your frustration with the car seat options not being available when you need them. Your feedback is important, and I’ll make sure it gets to the right team. If you have any specific details to share, please DM me!"
524304,524304,Very unprofessional @user drivers . My pick up shows 1 min &amp; the driver calls and says i on my way . 12 calls from me to him n he disconnects / switches off waiting for me to cancel the ride needless to say am late #uberdriver @Uber_Support @user https://t.co/E4xr0qDAqJ,524301,@user We're sorry to hear this was your experience. Contact us via https://t.co/e8HVoseGiP and we'll be in touch.,7,driver_service_conduct,driver_service_conduct,False,Can be auto-handled with standard protocol / DM guidance,,"I'm really sorry to hear about your experience. That sounds incredibly frustrating, and it's not what we want for our riders. Please DM us your phone number so we can look into this and ensure it doesn’t happen again. Your satisfaction is important to us!"
1692674,1692674,@Uber_Support Do you have a phone number I can call? I need some help with correcting an UberEATS billing issue.,1692673,@user Here to help! Send us a DM with your email address with more info so we can assist.,2,lost_item,lost_item,False,Can be auto-handled with standard protocol / DM guidance,,"Hi there! I understand how frustrating billing issues can be. Unfortunately, we don’t have a direct phone line, but I’m here to help! Please DM me your email associated with your account and details of the issue, and I’ll assist you further. Thank you!"
972874,972874,@user I left my phone in a car...How do i get it back? I already asked for it in the app but havent received a call back.,972872,@user We're here to help! Send us your email address so we can connect.,3,lost_item,lost_item,False,Can be auto-handled with standard protocol / DM guidance,,"I'm sorry to hear you left your phone in the car! Please try going to the app and navigating to Activity > Find lost item > Contact driver. If you still need help, feel free to DM us your email and trip details, and we’ll assist you further."
1567664,1567664,@Uber_Support the driver just cancelled the trip so why cancellation fee charged? He refused the long trip!,1567663,@user Here to help! Send us a note here; https://t.co/h840Iouehc and our team will be able to help.,2,fare_billing_dispute,fare_billing_dispute,False,Can be auto-handled with standard protocol / DM guidance,,I understand how frustrating it is to be charged a cancellation fee when the driver canceled the trip. Please DM us your account email and trip details so we can look into this for you. We're here to help!
2061444,2061444,@Uber_Support app asks me to verify payment method but doesn’t scan Chase Sapphire card number w/ camera,2061443,@user Oh no! Thanks for bringing this to our attention. DM us your account email along with details for assistance.,2,app_account_access,app_account_access,False,Can be auto-handled with standard protocol / DM guidance,,"I’m sorry to hear you’re having trouble with your Chase Sapphire card! Please try entering the card details manually if the camera isn’t scanning. If you continue to experience issues, send me a DM with your registered phone number and email, and I’ll help you get this sorted out!"
1896205,1896205,"@user due to this idiot i missed my train,it hurts in festival,he has not picked 10 calls. https://t.co/KudKbmhBAy",1896204,"@user Hey Akshay, please reach out with the details at https://t.co/593jusCquh so we can connect.",5,general_feedback_other,general_feedback_other,False,Can be auto-handled with standard protocol / DM guidance,,"I'm really sorry to hear about your experience and the missed train, especially during the festival. That must be incredibly frustrating. Please DM us your phone number so we can help you address this issue. Your satisfaction is important to us!"
2825115,2825115,@user why I’m getting charged for rides I didn’t take? Is this related to the data breach? The mystery charges are pending.,2825112,@user Sorry to hear about that! Can you please contact us via https://t.co/1xM0TILvAI so our team can connect.,5,fare_billing_dispute,fare_billing_dispute,False,Can be auto-handled with standard protocol / DM guidance,,"I’m really sorry to hear about the unexpected charges. I understand how concerning this can be. Please DM me your account email and details of the rides in question, and I’ll help you get to the bottom of this. Thank you for your patience!"
408000,408000,@user you’re ok with me being charged a cleaning fee for this? There is clearly NO MESS. Will never use Uber again. Switching to @user https://t.co/9Xi2lwZ7hw,407999,@user So sorry about that! Can you please contact us via https://t.co/a6RfeBkKmr so our team can connect.,2,fare_billing_dispute,fare_billing_dispute,False,Can be auto-handled with standard protocol / DM guidance,,I’m really sorry to hear about the unexpected cleaning fee. I understand how frustrating this must be. Please DM me your account email and the trip details so I can look into this for you. Your experience matters to us!
1375006,1375006,Fucking uber driver last night was such a fuckhead i was still nice yet the cunt gave me a bad rating the rude racist prick @user,1375005,@user We take this very seriously. Please send us a DM with your email address so we can connect ASAP.,2,driver_service_conduct,driver_service_conduct,False,Can be auto-handled with standard protocol / DM guidance,,"I'm really sorry to hear about your experience. It's frustrating when things don't go as expected. If you'd like, please DM us your account email and trip details so we can look into this further. Your feedback is important to us."
352201,352201,@Uber_Support help! Trying to use whilst abroad and keep getting told my payment method (2 types) are invalid and to verify my email (which,352200,"@user Sorry to hear about the troubles, Julianne. Please send us a note at https://t.co/hr88X1ZGuG so we can look into this for you.",2,app_account_access,app_account_access,False,Can be auto-handled with standard protocol / DM guidance,,Hi there! I’m sorry to hear you’re having trouble with your payment methods while abroad. Please DM me your registered phone number and email so our tech team can assist you with this issue. We're here to help!
2133404,2133404,My UberEATS driver this morning was rude as fuck 😂 then when I went to go get my food he act like he didn’t see don’t try it I’ll beat yo ass,2133403,@user Here to help! Send us a note via https://t.co/1T6jbFraO8 so our team can get in touch.,2,driver_service_conduct,driver_service_conduct,False,Can be auto-handled with standard protocol / DM guidance,,"I'm really sorry to hear about your experience with your driver this morning. That’s not the service we aim for. If you’d like to share more details, please DM us your account email and we’ll look into it. Your feedback is important to us!"
1481207,1481207,@Uber_Support Hey! Why dont you have a phone number people can call? The app isnt always enough. Who can I contact about an issue?,1481206,"@user At this moment, we don't offer phone support for these issues. We're sorry for any inconvenience. Visit this link https://t.co/balq3Eyso6.",5,lost_item,lost_item,False,Can be auto-handled with standard protocol / DM guidance,,"Hi there! I completely understand how frustrating it can be when you can't find what you need. For lost items, please go to the app and select Activity > Find lost item > Contact driver. If you need further assistance, feel free to DM us your email and we’ll help you out!"
2663244,2663244,@Uber_Support cab cancelled by Driver Still showing due in my account. Unable to book another cab. Please sort out. https://t.co/1f2bUU49S2,2663243,"@user Here to help, Shubham! Send us a note here, https://t.co/76zx6Rm1i6, and our team will follow up.",2,general_feedback_other,general_feedback_other,False,Can be auto-handled with standard protocol / DM guidance,,I'm really sorry to hear about the cancellation and the trouble booking another ride. Please DM us your registered phone number and email so we can get this sorted out for you as quickly as possible. Thank you for your patience!
1510145,1510145,Pretty sure my Uber driver is drunk or something. 🤷🏼‍♀️,1510144,@user We take this very seriously. Please send us a DM with your email address so we can connect ASAP.,2,safety_critical,safety_critical,True,P0 physical safety risk requires immediate human safety team triage,,I'm really sorry to hear that you're feeling this way about your ride. Your safety is our top priority. Please DM us your phone number so our safety team can reach out to you immediately. Thank you for bringing this to our attention.
2186085,2186085,"Have now tried contacting @user customer support via app, email, phone (spoiler alert: there isn’t one) and live chat. Trying Twitter in despair https://t.co/VDlJfAY6DM",2186084,@user We're here to help! Send us a DM with your email address and more details so we can follow up.,2,lost_item,lost_item,False,Can be auto-handled with standard protocol / DM guidance,,"I'm really sorry to hear about your lost item. Please try going to the app and selecting Activity > Find lost item > Contact driver. If you need further help, feel free to DM us your email and details, and we'll assist you right away!"
999851,999851,@Uber_Support seriously do you have any way to contact your unethical trash company that isn’t a chatbot,999850,"@user At this moment, we don't offer phone support for these issues. Visit this link https://t.co/balq3Eyso6 so our team can assist.",4,general_feedback_other,general_feedback_other,False,Can be auto-handled with standard protocol / DM guidance,,"I hear your frustration, and I’m here to help. Please DM me with your account email or phone number, and I’ll make sure your concerns are addressed by our team. Your feedback is important to us!"
1736824,1736824,When I look online it says that mcdonalds delivers to my address but the restaurant never&amp; had never showed up on my app @user #ubereats,1736823,"@user Here to help! Send us a note here, https://t.co/EGiaYE5JMU, and our team will follow up.",2,driver_service_conduct,driver_service_conduct,False,Can be auto-handled with standard protocol / DM guidance,,"I’m sorry to hear that McDonald's isn’t showing up on your app. Sometimes, restaurant availability can vary. Please DM me your registered email and phone number so I can help you resolve this issue!"
1843740,1843740,@user your driver tried to assault me when I was going home,1843739,@user We want to follow up ASAP. Can you please send us a DM with your email address and additional details so we can connect?,2,safety_critical,safety_critical,True,P0 physical safety risk requires immediate human safety team triage,,I'm so sorry to hear about your experience. Your safety is our top priority. Please DM us your phone number so our safety team can reach out to you immediately. We're here to help.
2507452,2507452,@Uber_Support @user you and I need to have a SERIOUS chat about why ur so shitty,2507451,@user Here to help. Kindly provide more and specific details on your concern,2,general_feedback_other,general_feedback_other,False,Can be auto-handled with standard protocol / DM guidance,,"Hi there! I’m really sorry to hear you're feeling this way. Your feedback is important to us, and I’d love to understand more about your experience. Please DM me your account email or details so we can address this together. Thank you!"
955245,955245,No bother when the police stops your uber driver and you're sat for 5 minutes while he's interrogated 😬,955244,@user We take this very seriously. Please send us a DM with your email address so we can connect ASAP.,2,safety_critical,safety_critical,True,P0 physical safety risk requires immediate human safety team triage,,I'm really sorry to hear about your experience. Your safety is our top priority. Please DM us your phone number so our safety team can reach out and assist you further. Thank you for bringing this to our attention!
496083,496083,So @user if I’m a passenger and get injured in an accident with one of your drivers y’all not gonna cover my treatment?,496082,"@user Happy to connect Dani! If you want to report a safety concern or accident, you can visit this link for more info https://t.co/EP6GMc9RgR",2,safety_critical,safety_critical,True,P0 physical safety risk requires immediate human safety team triage,,I'm really sorry to hear about your concerns. Your safety is our top priority. Please DM us your phone number so our safety team can reach out and assist you further. We're here to help you through this situation.
2371532,2371532,@user there's something surely wrong with your app as it doesn't recognise my login details. I have reset it five times and writing here is my last push to get this sorted,2371530,@user Here to help! Send us a note here https://t.co/Md7v036OoC so we can assist.,4,app_account_access,app_account_access,False,Can be auto-handled with standard protocol / DM guidance,,I'm really sorry to hear you're having trouble with your login details. I understand how frustrating this can be. Please DM me your registered phone number and email so our tech team can assist you further. We're here to help!
314539,314539,(1/2) My dad took an uber today and his driver was at fault in an accident. The car flipped and my dad was taken away by ambulance.,314537,@user We want to follow up ASAP. Can you please send us a DM with your email address and additional details so we can connect?,4,safety_critical,safety_critical,True,P0 physical safety risk requires immediate human safety team triage,,I'm so sorry to hear about your dad's accident. His safety is our top priority. Please DM us your phone number so our safety team can reach out and assist you directly. We're here for you during this difficult time.
353074,353074,"@Uber_Support Uber has started a dirty business! Whenever upfront price is low, there will be fare mismatch! No system of complaint redressal! It happened again just now! If I don't receive a call/ email from you, I will take you to the appropriate forum! https://t.co/8i8Ulfmfya",353073,@user We see your outreach and a member of our team will be following up via email as soon as possible. We appreciate your patience.,2,driver_service_conduct,driver_service_conduct,False,Can be auto-handled with standard protocol / DM guidance,,I'm really sorry to hear about your experience with fare mismatches. I understand how frustrating this can be. Please DM us your account email and trip details so we can look into this for you. We want to make it right!
2441932,2441932,@Uber_Support my driver never ended my most recent trip and I was way overcharged,2441931,@user Sorry to hear about that! Can you please contact us via https://t.co/1xM0TILvAI so our team can connect.,2,fare_billing_dispute,fare_billing_dispute,False,Can be auto-handled with standard protocol / DM guidance,,I'm really sorry to hear about the overcharge on your trip. I understand how frustrating that can be. Please send us a DM with your account email and the trip details so we can look into this for you. We're here to help!
2362713,2362713,I ACCIDENTALLY RATES MY COOLASS UBER DRIVER 3 Astars BC IM drunk FIX UR FUCKING APP @user,2362711,@user Here to help! Simply follow the link to update your rating: https://t.co/M1RhRwgiRE,3,safety_critical,safety_critical,True,P0 physical safety risk requires immediate human safety team triage,,"I totally understand how frustrating that can be, especially after a night out! Please DM me your registered phone number and email so I can escalate this to our tech team for you. Your feedback is important, and we want to help!"
2022443,2022443,@Uber_Support Hi. My friends and I took the same journey yesterday in two different Ubers at the same time. Our distance was significantly longer and the cost significantly higher - Are you able to explain this? I can send you the individual receipts. Thanks,2022442,@user Here to help! Please send us a note via https://t.co/y4EDPcVZOI so our team can connect.,4,fare_billing_dispute,fare_billing_dispute,False,Can be auto-handled with standard protocol / DM guidance,,"Hi there! I understand how confusing it can be to see different fares for similar trips. Please DM me your account email and trip details, and I’ll look into this for you. Thanks for your patience!"
2921913,2921913,"@user - my account has been hacked, AGAIN! I open my app and its a completely different name, email, and phone number with charges coming from overseas. Please help!",2921911,"@user Thank you for reaching back out, Kenny. We see your support inquiry and will follow up once an update is available. We appreciate your patience and understanding while we research this matter.",3,lost_item,lost_item,False,Can be auto-handled with standard protocol / DM guidance,,I'm really sorry to hear that your account has been hacked. Your safety is our top priority. Please DM us your registered phone number and email so our tech team can assist you right away. We're here to help!
1876680,1876680,@user @Uber_Support Unable to login the uber app using my mobile number(+91 9642393924)... Can u pls look into it...! #uberindia,1876679,"@user We have followed up via in app support. You can see this message in the email associated with your acct, please follow up there.",2,app_account_access,app_account_access,False,Can be auto-handled with standard protocol / DM guidance,,Hi there! I’m sorry to hear you’re having trouble logging in. Please send us a DM with your registered email and phone number so our tech team can assist you further. We're here to help!
2710010,2710010,I may have just flirted at my @user driver by accident. Help.,2710011,@user Here to help! Please send us a DM with your email address and more info regarding your concern so we can assist.,4,safety_critical,safety_critical,True,P0 physical safety risk requires immediate human safety team triage,,We understand that situations like this can be a bit awkward! Your safety is our top priority. Please DM us your phone number so our safety team can reach out and assist you further. We're here for you!
2987327,2987327,@Uber_Support can y’all get back to me. I’m trying to call a uber. Lol,2987326,@user We just sent you a DM. Please check your messages.,2,general_feedback_other,general_feedback_other,False,Can be auto-handled with standard protocol / DM guidance,,Hey there! I’m sorry to hear you’re having trouble calling an Uber. Please send us a DM with your registered phone number so we can help you get back on the road. We’re here for you!
1749516,1749516,@Uber_Support driver name is: Jordan Palmer,1749515,@user We can take a look! Send us a note via https://t.co/XJy0wStLEj so our team can get in touch.,2,general_feedback_other,general_feedback_other,False,Can be auto-handled with standard protocol / DM guidance,,"Hi there! Thanks for sharing your driver’s name, Jordan Palmer. If you have any specific feedback or concerns about your ride, please feel free to DM us with more details. We're here to help!"
2865448,2865448,"I have been trying to resolve an issue with my @user ride for 2 wks, but only get automated responses. The Address listed for The Standard Hotel is not the same address for where my driver tried to drop me off, but I’m being charged an extra cost for “changing” the address. https://t.co/0p84lLchXH",2865447,@user Here to help! Please send us a DM with your email address with details so we can follow up.,2,fare_billing_dispute,fare_billing_dispute,False,Can be auto-handled with standard protocol / DM guidance,,I’m really sorry to hear about the confusion with your drop-off address and the extra charge. I understand how frustrating this can be. Please DM me your account email and trip details so I can help resolve this for you. Thank you for your patience!
1666680,1666680,@user your Mumbai operations are so in unprofessional,1666679,@user We're sorry to hear this was your experience. Contact us via https://t.co/fS660rQ8NQ and we'll be in touch.,2,driver_service_conduct,driver_service_conduct,False,Can be auto-handled with standard protocol / DM guidance,,"We’re really sorry to hear about your experience in Mumbai. Your feedback is important to us, and we want to make it right. Please DM us with more details about what happened, including your account email, so we can assist you further. Thank you for reaching out!"
2256053,2256053,@Uber_Support how do report an unsafe driver that doesn't stop at stop lights or use turn signals and almost hits other drivers,2256052,@user We're sorry to hear this was your experience. Contact us via https://t.co/IeSxT5cVHC and we'll be in touch.,2,safety_critical,safety_critical,True,P0 physical safety risk requires immediate human safety team triage,,I'm really sorry to hear about your experience with the driver. Your safety is our top priority. Please DM us your phone number so our safety team can reach out to you directly. Thank you for bringing this to our attention!
314790,314790,@Uber_Support Unable to login inspite of correct password,314789,@user We've followed up via DM so please check your inbox.,2,app_account_access,app_account_access,False,Can be auto-handled with standard protocol / DM guidance,,I'm sorry to hear you're having trouble logging in! Let's get this sorted out. Please DM me your registered phone number and email so our tech team can assist you. We're here to help!
2830181,2830181,@Uber_Support Good day .I need assistance to an issue your @user office has not been able to resolve for the past two weeks. Thank you,2830182,@user Here to help! Send us a DM with your email address so we can connect.,5,general_feedback_other,general_feedback_other,False,Can be auto-handled with standard protocol / DM guidance,,"Hi there! I’m really sorry to hear you’ve been facing this issue for two weeks. I’d love to help you resolve it. Please DM me your registered phone number and email, and I’ll ensure our tech team gets on it right away. Thank you for your patience!"
1356450,1356450,@Uber_Support Don’t what kind of people you have working for you but not the smartest. Trouble understanding the meaning of refund.,1356448,@user Sorry to hear about that. Can you please send us a DM with your email address? From there we'll be able to assist further.,3,fare_billing_dispute,fare_billing_dispute,False,Can be auto-handled with standard protocol / DM guidance,,"I’m really sorry to hear about your experience with the refund process. I understand how frustrating this can be. Please DM me your account email and the trip details, and I’ll do my best to help you resolve this!"
2323348,2323348,@Uber_Support trying to cancel with a driver who is going the complete wrong way and not answering the phone. really don't think i should be charged $5 for that.,2323347,@user Here to help! Send us a note here; https://t.co/e8HVorX5rh and our team will be able to assist!,2,lost_item,lost_item,False,Can be auto-handled with standard protocol / DM guidance,,I’m really sorry to hear about your experience! That sounds frustrating. I understand your concern about the $5 charge. Please DM us with your account email and trip details so we can look into this for you. Your satisfaction is important to us!
1663642,1663642,@Uber_Support Hey there. I'm getting Error Verifying Payment Profile no matter what payment method I choose. Ideas?,1663640,"@user Hi! To troubleshoot your concern, kindly visit: https://t.co/YWcrRDAXHl",4,app_account_access,app_account_access,False,Can be auto-handled with standard protocol / DM guidance,,Hi there! I’m sorry to hear you’re having trouble with your payment profile. Please DM me your registered phone number and email so our tech team can help you resolve this issue quickly. Thank you for your patience!
1972473,1972473,Hi @Uber_Support can you please assist me as I am facing a problem in adding the promo code,1972472,@user Sorry to hear about this! Please sign in and send us a message at https://t.co/XTaK2J4LUP with the details. We'll follow up.,2,app_account_access,app_account_access,False,Can be auto-handled with standard protocol / DM guidance,,"Hi there! I’m sorry to hear you’re having trouble adding your promo code. Please send me a DM with your registered phone number and email, and I’ll get our tech team to assist you right away. Thank you for your patience!"
1086910,1086910,@Uber_Support Need to change my email and password. Btw it shouldnt take 10 mins online to find out how to get help.,1086909,@user Thanks for reaching out to us about this. Please reach out to us directly using this link https://t.co/qHlZSjDE9L and leave a brief note.,2,app_account_access,app_account_access,False,Can be auto-handled with standard protocol / DM guidance,,"Hi there! I’m sorry for the hassle you’re experiencing with changing your email and password. Please DM me your registered phone number and email, and I’ll ensure our tech team assists you right away. Thank you for your patience!"
102137,102137,Someone stole our debit card and racked up hundreds of $$ on @user. How does that happen?,102136,@user We've sent you a DM.,2,general_feedback_other,general_feedback_other,False,Can be auto-handled with standard protocol / DM guidance,,I'm really sorry to hear about your situation. That must be incredibly frustrating. Please DM us with your registered email and any trip details so we can help you address this issue. Your safety and security are our top priorities.
1859274,1859274,@Uber_Support I click the verification link &amp; I get an error message that tells me to email support. (which I did &amp; that address doesn't (2),1859273,"@user Let's take a look at what's going on, Kate. Please DM the email address to your Uber account so we can connect. https://t.co/sd7yH5jmbJ",2,app_account_access,app_account_access,False,Can be auto-handled with standard protocol / DM guidance,,Hi there! I'm sorry to hear you're having trouble with the verification link. Please DM me your registered phone number and email so our tech team can assist you further. We're here to help!
2881612,2881612,@Uber_Support I got a driver who picked the trip then refused and I will not cancel but neither is he because he wants me to get the penalty. Shockingly unprofessional.... Trip has been delayed by 30 minutes due to the driver refusing to cancel. https://t.co/iU6jFPlFiP,2881611,@user Here to help! Send us a note here; https://t.co/iOszeeHZhQ and our team will be able to assist!,2,driver_service_conduct,driver_service_conduct,False,Can be auto-handled with standard protocol / DM guidance,,I’m really sorry to hear about your experience. That sounds frustrating! Please send us a DM with your trip details so we can look into this for you and help resolve the issue. Your satisfaction is important to us!
2072542,2072542,@Uber_Support Please could someone contact me about outstanding service by my Uber driver yesterday in central JHB during a shooting. I can't find anywhere in the help except to complain Thanks @user @user,2072540,@user Here to help! Send us a note via https://t.co/QDn91HzZV0 and we'll be in touch.,3,general_feedback_other,general_feedback_other,False,Can be auto-handled with standard protocol / DM guidance,,"Hi there, I’m so sorry to hear about your experience during such a distressing situation. Your safety is our top priority. Please DM us your phone number so our safety team can reach out to you directly. Thank you for bringing this to our attention."
2010711,2010711,@user 🖕🏽you For leaving me stranded once again Uber app never works on my phone and they stole my money I have $30 of a credit &amp;,2010710,@user Sorry to hear about the trouble. Please reach out to https://t.co/QDn91HzZV0 and fill out the 4 boxes at the bottom so we can get in touch.,2,lost_item,lost_item,False,Can be auto-handled with standard protocol / DM guidance,,I'm really sorry to hear about your experience and the frustration it caused. Please DM us your registered phone number and email so our tech team can help resolve the app issue and ensure you get the support you need. Thank you for your patience!
1224844,1224844,"@user hello , I had a problem with a of yours drivers , could you follow me to talk better ? Thanks!",1224843,@user We're so sorry for the trouble. Send us a note via https://t.co/fS660rQ8NQ so we can assist.,2,general_feedback_other,general_feedback_other,False,Can be auto-handled with standard protocol / DM guidance,,"Hi there! I'm sorry to hear you had an issue with one of our drivers. Your experience is important to us, and I’d love to help. Please DM me your account email and any details about the situation so we can resolve this together. Thank you!"
430209,430209,@Uber_Support I had raised a request regarding issue with promo code not working 2 days back. I have not got any response. Please expedite,430207,"@user Hi there, Mugdha. Please send us a DM with your Uber account email, and we will check on the status of your support inquiry.",4,app_account_access,app_account_access,False,Can be auto-handled with standard protocol / DM guidance,,"Hi there! I’m sorry to hear about the trouble with your promo code and the delay in response. Please send me a DM with your registered phone number and email, and I’ll make sure our team looks into this right away. Thank you for your patience!"
306276,306276,@Uber_Support I'm having issues with my fuel card,306274,"@user Here to help, Neek. Can you please send a note our way via https://t.co/PORi7fU9tB?",4,general_feedback_other,general_feedback_other,False,Can be auto-handled with standard protocol / DM guidance,,"Hi there! I'm sorry to hear you're having issues with your fuel card. Please DM me your registered phone number and email, and I'll get you connected with our team to resolve this as quickly as possible. Thank you for your patience!"
1193505,1193505,How am I supposed to cancel my @user order if @Uber_Support doesn't answer the phone! UGH.,1193504,@user We're here to help. Can you please send us a DM of your email address so we can connect?,2,lost_item,lost_item,False,Can be auto-handled with standard protocol / DM guidance,,"I completely understand your frustration! To cancel your order, please open the app and go to Activity > Your Trips > Select the trip > Cancel. If you need further assistance, feel free to DM us your account email, and we’ll help you out!"
2871082,2871082,@Uber_Support I can’t use my free ride it’s asks for a payment method when it’s free,2871081,@user Here to help! Find out more info here https://t.co/paDlcZi0nv,2,app_account_access,app_account_access,False,Can be auto-handled with standard protocol / DM guidance,,I’m sorry to hear you’re having trouble using your free ride! It sounds like there might be an issue with your payment settings. Please DM me your registered phone number and email so our tech team can help you resolve this. Thank you for your patience!
2760385,2760385,"@Uber_Support my last two trips I was charged more than double the estimated price, even after not getting any high rate warnings. Ir is completely unacceptable, you just lost my business and will start preaching @user",2760384,@user We're here to help! Send us a note at https://t.co/6IqAxVj2X4 so we can assist.,2,lost_item,lost_item,False,Can be auto-handled with standard protocol / DM guidance,,I'm really sorry to hear about the unexpected charges on your recent trips. I understand how frustrating that can be. Please DM us your account email and the trip details so we can look into this for you. We value your feedback and want to make things right!
2399594,2399594,@Uber_Support got charged Rs. 120 when the driver had to cancel when he couldn't find where I was. Previous drivers found me very easily.,2399593,@user Oh no! Please send us a note at https://t.co/lyqXfbVdYK and we'll be happy to look into this for you.,2,fare_billing_dispute,fare_billing_dispute,False,Can be auto-handled with standard protocol / DM guidance,,"We understand how frustrating unexpected charges can be, especially when the driver couldn’t locate you. Please DM us your account email and trip details so we can look into this for you. Your experience matters to us!"
162891,162891,I can’t say I usually kick up a fuss about things like this but I finished work a couple of hours ago in Piccadilly Circus. Given the incident I thought I’d rather get an @user to be safe. And the sick bastards put their surge to £56-73. For a journey that usually costs £15. 😡🤬,162889,@user We're here to help! Please send us a note via https://t.co/1xM0TILvAI so we can connect.,3,fare_billing_dispute,fare_billing_dispute,False,Can be auto-handled with standard protocol / DM guidance,,"I completely understand your frustration with the surge pricing, especially after a long day at work. Safety is our top priority, and I’m here to help. Please DM me your account email and trip details, and I’ll look into this for you. Thank you for your patience!"
2798533,2798533,What’s the point of @user if the drivers are rude and refuse to deliver to your door #ffs,2798532,"@user Here to help! Send us note via https://t.co/hVMgTsth35, so we can connect.",2,driver_service_conduct,driver_service_conduct,False,Can be auto-handled with standard protocol / DM guidance,,"I’m really sorry to hear about your experience with our driver. That’s not the level of service we aim for. Your feedback is important, and I’d like to help. Please DM me your account email and any trip details so we can address this. Thank you for your patience!"
1096039,1096039,@Uber_Support Hello. I left my phone is an uber honda car. It does not show up on my resent travles so how do I get my phone back.,1096037,@user We're here to help! Please send us a note via https://t.co/rOtqyWzf0B so we can connect.,4,lost_item,lost_item,False,Can be auto-handled with standard protocol / DM guidance,,"Hi there! I'm sorry to hear you left your phone in the Uber. Please check the app under Activity > Find lost item > Contact driver to reach out for help. If you need further assistance, feel free to DM us your email and details. We're here for you!"
2398350,2398350,send me a birthday discount @user pls,2398349,@user Hello there! You can always share your referral code with friends so you can rack up free rides when they sign up.,2,app_account_access,app_account_access,False,Can be auto-handled with standard protocol / DM guidance,,"Happy birthday! 🎉 While I can't provide discounts directly, I recommend checking the app for any special offers. If you need help with your account, please DM me your registered email and phone number so I can assist you further. Enjoy your special day!"
552609,552609,@Uber_Support I’m not happy that I’ve just had to pay 12£ for Uber’s that have all cancelled on me,552608,@user We can definitely take a look. Contact us via https://t.co/1xM0TILvAI so we can assist.,2,driver_service_conduct,driver_service_conduct,False,Can be auto-handled with standard protocol / DM guidance,,"I’m really sorry to hear about the cancellations and the unexpected charge. I understand how frustrating that can be. Please DM us your account email and details of the trips, and we’ll look into this for you. Thank you for your patience!"
882636,882636,@Uber_Support ordered dinner through @user &amp; wrong food delivered 🙁 no help online - where's the customer support phone number? #hangry,882635,"@user Sorry to hear about this! Please share details here; https://t.co/6H850ReQwW, so our team can better assist.",2,lost_item,lost_item,False,Can be auto-handled with standard protocol / DM guidance,,"I'm really sorry to hear about the mix-up with your dinner! 😞 To get this sorted, please check the app under Activity > Find lost item > Contact driver. If you need more help, feel free to DM us your email and we’ll assist you further!"
2960599,2960599,@Uber_Support My husband's Uber partner icon has disappeared from his phone. He had it last week - what do we do to get it back?,2960597,"@user Hi, Pat! Due to our privacy policy we're not able to address these concerns over social. Please have the account holder (or the person you're writing in for) contact us at https://t.co/balq3Eyso6 so we can assist them further. Please let us know if you have any other questions.",4,lost_item,lost_item,False,Can be auto-handled with standard protocol / DM guidance,,"Hi there! I understand how frustrating it can be when the partner icon disappears. Please have your husband check the app for any updates or try restarting his phone. If the issue persists, feel free to DM us with his registered email, and we'll help him get it back!"
2786666,2786666,@Uber_Support why won't my payment method work for über eats?? Tried 3 different cards????,2786665,@user Here to help! Send us a note via https://t.co/nNTmqKFfZd so our team can get in touch.,2,app_account_access,app_account_access,False,Can be auto-handled with standard protocol / DM guidance,,"I’m sorry to hear you’re having trouble with your payment method for Uber Eats. Let’s get this sorted out! Please DM me your registered phone number and email, and I’ll connect you with our tech team for assistance. Thank you for your patience!"
266199,266199,@Uber_Support my account was hacked. I changed my password. Is there anything else I should do? Please assist me,266197,@user Happy to help! Please reach out here so we can take a deeper look into this: https://t.co/kGIXas5Cxg,5,app_account_access,app_account_access,False,Can be auto-handled with standard protocol / DM guidance,,I'm really sorry to hear that your account was hacked. Changing your password was a great first step! Please DM us your registered phone number and email so our tech team can assist you further and ensure your account is secure. We're here to help!
490727,490727,".@user This is my wife. She was home sick and went hungry ALL DAY because you failed to fulfill your promise to deliver on my order. I tried to contact support via email, Twitter, phone, in-app. And got nothing but broken promises. #uberscam #uberfail @user @Uber_Support https://t.co/3QB8pcaugT",490726,@user We're sorry to hear this was your experience. Contact us via https://t.co/nFTc4ODH3P and we'll be in touch.,5,lost_item,lost_item,False,Can be auto-handled with standard protocol / DM guidance,,"I'm really sorry to hear about your wife's experience and the frustration this has caused. Please DM us your account email and any details about the order, and we'll do our best to resolve this for you. Thank you for your patience."
2674388,2674388,"So @user cancelled on me at 7:15 for a 7:15 pickup, and we nearly missed the show. Then, they charged me $6. Not a good day for #Mobility https://t.co/nmoBZ6jFHS",2674387,@user Sorry for the trouble! Send us a note via https://t.co/JyzdtQmyxT so we can connect.,2,fare_billing_dispute,fare_billing_dispute,False,Can be auto-handled with standard protocol / DM guidance,,"I'm really sorry to hear about your experience and the unexpected charge. I understand how frustrating that must be, especially before a show. Please DM me your account email and trip details so I can help resolve this for you. Thank you for your patience!"
300725,300725,@user can we just be honest and say this fee for all the restaurants in the mall is because of the stupid construction? Geez https://t.co/S0l46rtrhg,300721,@user Here to help clarify! You can head here: https://t.co/gwEH0cpug2 for more info on EATS pricing.,6,fare_billing_dispute,fare_billing_dispute,False,Can be auto-handled with standard protocol / DM guidance,,"I totally understand your frustration with the extra fee due to construction. It can be really annoying! Please DM us your account email and trip details, and we’ll look into this for you. Thank you for your patience!"
1787453,1787453,"@Uber_Support Hi, is there any way for me to pay to Uber back? I was one of the Uber Driver. there is -RM9 in my estimated bank deposit ( uber pay statment). I have stop from doing Uber for quite a long time and not plan to cont yet. please help.",1787451,@user Here to help. Send us a note at https://t.co/EkibplQL1j so our team can connect.,5,fare_billing_dispute,fare_billing_dispute,False,Can be auto-handled with standard protocol / DM guidance,,"Hi there! I understand how concerning this situation is for you. Please DM us with your account email and any relevant trip details, and we'll look into this for you. We're here to help!"
254828,254828,I am soooo sick of unprofessional @user drivers,254827,"@user Sorry to hear this! Send us a note here,https://t.co/fS660rQ8NQ, and our team will follow up.",2,driver_service_conduct,driver_service_conduct,False,Can be auto-handled with standard protocol / DM guidance,,I'm really sorry to hear about your experience with our drivers. We strive for professionalism and your feedback is important. Please DM us with your account email and any trip details so we can look into this further. Thank you for your patience!
253672,253672,"@Uber_Support Need details of the cab that my wife has taken as she is out of coverage, need to connect with the driver. Have DMed details",253671,"@user We're unable to locate a DM, Gaurav. Please DM us additional details and we'll be in touch shortly. https://t.co/sd7yH5jmbJ",2,general_feedback_other,general_feedback_other,False,Can be auto-handled with standard protocol / DM guidance,,"Hi there! I understand how important it is to connect with your wife. Please check your DMs for my response, and if you can share your phone number, I can have our safety team reach out to you right away. Your peace of mind is our priority!"
128457,128457,@user your Uber driver called me and said “ Nah I don’t wanna do no 10 minutes ride” hung up and I still got charged 5 dollars fam,128456,@user Here to help! Please send us a note at https://t.co/h840Iouehc and we'll be happy to look into this for you.,2,fare_billing_dispute,fare_billing_dispute,False,Can be auto-handled with standard protocol / DM guidance,,I’m really sorry to hear about your experience and the unexpected charge. I understand how frustrating that can be. Please DM me your account email and trip details so I can help resolve this for you. Thank you for your patience!
423592,423592,"@user hey uber, i lost my phone and am scared that somebody can use it to make trips with it. who do i contact?",423591,@user Happy to help! Please reach out to https://t.co/zUe0dj6yoX and fill out the 4 boxes at the bottom so we can get in touch.,6,lost_item,lost_item,False,Can be auto-handled with standard protocol / DM guidance,,"I'm so sorry to hear about your lost phone! Your safety is our top priority. Please DM us your phone number so our safety team can assist you. In the meantime, you can also check the app under Activity > Find lost item > Contact driver for help. We're here for you!"
2688275,2688275,@Uber_Support you have a driver in Dubai who threw a bottle on my brother in an attemp to harm! He also insulted him drove dangerously to scare him!! I want a number to call as well as I'm letting the police know of this incident! In my opinion using uber is becoming risky!,2688274,@user Here to help! Send us a DM with your email address so we can connect.,2,safety_critical,safety_critical,True,P0 physical safety risk requires immediate human safety team triage,,"I'm so sorry to hear about your brother's experience. Safety is our top priority, and we take incidents like this very seriously. Please DM us your phone number so our safety team can reach out to you immediately. Thank you for bringing this to our attention."
1019410,1019410,@user not only was he threatening but he almost caused an accident. My hotel will no longer ubereats to enter the building.,1019409,@user Happy to help! Please reach out here so we can do so: https://t.co/fS660rQ8NQ,2,safety_critical,safety_critical,True,P0 physical safety risk requires immediate human safety team triage,,I'm so sorry to hear about your experience. Your safety is our top priority. Please DM us your phone number so our safety team can reach out to you directly. Thank you for bringing this to our attention.
1600159,1600159,@user please let your drivers know how unprofessional it is to have heated arguments while you have customers in your car..,1600157,"@user Sorry for the trouble! Send us a note here, https://t.co/z8NNR56eyf, and our team will be in touch.",3,driver_service_conduct,driver_service_conduct,False,Can be auto-handled with standard protocol / DM guidance,,"We’re truly sorry to hear about your experience. Heated arguments can be very uncomfortable, and we appreciate you bringing this to our attention. Please DM us your details, and we’ll ensure this is addressed with the driver. Your comfort and safety are our top priorities."
125883,125883,When your Uber driver makes racist ass comments 😒 #uber @user,125882,@user We take this very seriously. Please send us a DM with your email address so we can connect ASAP.,2,general_feedback_other,general_feedback_other,False,Can be auto-handled with standard protocol / DM guidance,,"I'm really sorry to hear about your experience. That kind of behavior is unacceptable, and your comfort matters to us. Please DM us with your account email and details about the trip so we can address this properly. Thank you for bringing it to our attention."
283697,283697,@Uber_Support @user Inr 450 spent on my card bt funds not added to wallet!!!,283695,@user Hey Chirag! Can you please provide your account email via DM so we can further connect? Thank you,9,lost_item,lost_item,False,Can be auto-handled with standard protocol / DM guidance,,I'm sorry to hear about the issue with your funds not being added to your wallet. Please DM us your registered email and phone number so we can look into this for you. Thank you for your patience!
1304292,1304292,"@user you actually suck, your drivers suck. All suck. I just bought a cab a for very drunk girl. She was sick out window and uber cab told",1304289,@user Here to help. Send us a note at https://t.co/1uWOXe5ubr so our team can connect.,4,safety_critical,safety_critical,True,P0 physical safety risk requires immediate human safety team triage,,"I'm really sorry to hear about your experience. Safety is our top priority, and we take situations like this very seriously. Please DM us your phone number so our safety team can reach out and assist you directly. Thank you for bringing this to our attention."
1454626,1454626,@user I was charged for a ride I don’t even know about. What do I do?,1454625,@user We can take a look on these. Kindly send a note here: https://t.co/dInR3racif so we can connect.,2,fare_billing_dispute,fare_billing_dispute,False,Can be auto-handled with standard protocol / DM guidance,,"I’m sorry to hear about the unexpected charge! Please DM us with your account email and details of the ride in question, and we'll help you resolve this. Your experience matters to us!"
1326214,1326214,@user help options too limited. Driver canclld trip I’ve been charged full fare plus cancellation fee. Why is refund only cancellation fee,1326212,@user We're here to help! Send us a DM with your email address so we can follow up.,3,fare_billing_dispute,fare_billing_dispute,False,Can be auto-handled with standard protocol / DM guidance,,I’m really sorry to hear about the unexpected charge and cancellation fee. I understand how frustrating this can be. Please DM me your account email and trip details so I can help resolve this for you. Thank you for your patience!
417888,417888,"@user DONE with your scams. Deleting my app for good after so many fake surges, long out of the way routes and rude drivers #hellolyft",417887,@user We're so sorry about that! Please send us a DM with your email address with details so we can connect.,2,driver_service_conduct,driver_service_conduct,False,Can be auto-handled with standard protocol / DM guidance,,"I'm really sorry to hear about your experience. We strive for better, and your feedback is important. Please DM us your registered email and phone number so we can look into this and help improve your experience. Thank you for sharing your concerns."
1586357,1586357,@user terrible service from uber . Same Driver two days in a row . Was slow on motorbike and very rude and thinks it’s a joke !!!,1586356,@user We can take a look on these. Kindly send a note here: https://t.co/hVMgTsth35 so we can connect.,2,driver_service_conduct,driver_service_conduct,False,Can be auto-handled with standard protocol / DM guidance,,I'm really sorry to hear about your experience with the driver. That’s not the service we strive for. Please DM us your account email and any details about your trips so we can look into this further and ensure it doesn’t happen again. Thank you for bringing this to our attention!
2526421,2526421,"@Uber_Support I lost a my phone (Singapore Uber account is +65 98327169), and cannot send my contact number because to enter a number for driver to contact, required 2nd level authenticated login which is send to the phone. Can you ask driver to call me at +65 9770 3220?",2526420,@user Here to help! Please send us a note via https://t.co/rOtqyWzf0B so our team can connect.,2,lost_item,lost_item,False,Can be auto-handled with standard protocol / DM guidance,,"I'm really sorry to hear about your lost phone. Unfortunately, I can't directly contact the driver for you. Please try using the in-app feature: go to Activity > Find lost item > Contact driver. If you need further assistance, feel free to DM me your registered email. We're here to help!"
1811343,1811343,@user trying to hire Uber to handle a very large event in DC next week. Can't get any Uber customer service. Need a phone call asap,1811342,"@user Hello, Peter. We've followed up with you via DM regarding this matter.",2,lost_item,lost_item,False,Can be auto-handled with standard protocol / DM guidance,,Hi there! I understand how important it is to get support for your large event in DC. Please send us a DM with your phone number so we can connect you with our team ASAP. We're here to help!
698113,698113,@Uber_Support I was quoted a fare of $9.08 but charged a fare of $10.37. Don't like idea of your undercutting your competitors only to sneak,698112,"@user Sorry to hear about the troubles, Miriam. Please send us a note at https://t.co/rMyIZ1kWhc so we can look into this for you.",6,fare_billing_dispute,fare_billing_dispute,False,Can be auto-handled with standard protocol / DM guidance,,I understand how frustrating it can be to see a difference in your fare. Please DM us your account email and the trip details so we can look into this for you. We're here to help!
962835,962835,"yoooooooo, my uber got in an accident rn &amp; i'm fucking late man!!!",962834,@user We hope everyone is ok. Please DM us your email address so we can follow up immediately.,2,safety_critical,safety_critical,True,P0 physical safety risk requires immediate human safety team triage,,"I'm really sorry to hear about the accident. Your safety is our top priority. Please DM us your phone number so our safety team can reach out and assist you right away. Hang in there, and we’ll get this sorted out for you."
1798765,1798765,I'm on my way! Follow my Uber ride: https://t.co/75td1mRy7J,1798764,@user Thanks for reaching out to us about this. Please reach out to us directly using this link https://t.co/hr88X1ZGuG and leave a brief note.,2,general_feedback_other,general_feedback_other,False,Can be auto-handled with standard protocol / DM guidance,,"Thanks for sharing your ride link! If you have any questions or need assistance during your trip, feel free to reach out. Safe travels! 🚗💨"
1456496,1456496,"@Uber_Support my phone was stolen this morning by your driver, i have his license plat info and phone number also name Dolman",1456495,@user We take this very seriously. Please send us a DM with your email address so we can connect ASAP.,2,lost_item,lost_item,False,Can be auto-handled with standard protocol / DM guidance,,"I'm really sorry to hear about your phone being stolen. Your safety is our top priority. Please DM us your phone number so our safety team can reach out to you directly. In the meantime, you can also report the issue through the app under Activity > Find lost item > Contact driver."
1047308,1047308,Yo @Uber_Support @user look at my driver! Real responsible! https://t.co/F8KkjZhKmH,1047305,"@user We're ready to look into this right away, Anthony. Please DM us your Uber account email address so we can follow up. https://t.co/sd7yH5jmbJ",6,general_feedback_other,general_feedback_other,False,Can be auto-handled with standard protocol / DM guidance,,Hi there! I’m really sorry to hear about your experience with your driver. Your safety and comfort are our top priorities. Please DM us with your phone number so we can look into this right away. Thank you for bringing this to our attention!
2455407,2455407,"@user Abt my 2nd last ride, driver was very unprofessional and rude. This was not expecting from uber. I m Very disappointed.",2455405,@user We're so sorry for the trouble. Send us a note via https://t.co/TmWmJyGFaK so we can assist.,6,driver_service_conduct,driver_service_conduct,False,Can be auto-handled with standard protocol / DM guidance,,I'm really sorry to hear about your experience with your driver. That’s not the level of service we strive for at Uber. Please DM us your account email and any details about the ride so we can address this issue and ensure it doesn’t happen again. Thank you for bringing it to our attention!
652704,652704,"Attempted to order food through @user for the first time. Wow. Dreadful experience. Delivery not scheduled properly on app, Promo Code (sent to us in post) invalid, despite expiry being end of Dec. Culminated in cancelled (rather than edited) order by agent. Won't use again.",652703,"@user This doesn't sound right, Adam! Please DM us the email and phone number linked to your account so we can help. https://t.co/sd7yH5jmbJ",2,app_account_access,app_account_access,False,Can be auto-handled with standard protocol / DM guidance,,I'm really sorry to hear about your experience with the app and the promo code issue. I understand how frustrating that must be. Please DM me your registered phone number and email so I can connect you with our tech team to help resolve this. Thank you for your patience!
1089347,1089347,I’m live tweeting my Uber Ride because I’m alone. Please contact the police if I don’t tweet that I’ve arrived at my destination.,1089345,@user We take this very seriously. Please send us a DM with your email address so we can connect ASAP.,3,safety_critical,safety_critical,True,P0 physical safety risk requires immediate human safety team triage,,"Your safety is our top priority. Please DM us with your phone number so our safety team can reach out and ensure you're okay. Stay safe, and we’re here for you!"
1080522,1080522,@user Received incorrect message from uber that my 50% off 10 rides promo code didn't work because of second uber account.,1080520,@user Sorry for the trouble! Kindly send us a note via https://t.co/lqVgKo4ZO3 so we can help.,4,app_account_access,app_account_access,False,Can be auto-handled with standard protocol / DM guidance,,Hi there! I’m sorry to hear about the confusion with your promo code. It sounds frustrating. Please DM me your registered phone number and email so I can help you sort this out with our tech team. Thank you for your patience!
2825129,2825129,"@user my driver speeds through london, rejects the rules on pooling and leaves my feeling unsafe and nauseous and you don’t think you can do anything to compensate me??! What happened to #uber customer service ?!",2825128,@user Here to help. Send us a note at https://t.co/kXjcHfRX24 so our team can connect.,2,safety_critical,safety_critical,True,P0 physical safety risk requires immediate human safety team triage,,I'm really sorry to hear about your experience. Your safety is our top priority. Please DM us with your phone number so our safety team can reach out and assist you further. Thank you for bringing this to our attention.
667122,667122,"Hello Uber in JFK. Three of your Uber drivers either asked me to meet them in another location, asked me where I was going..and all we're very rude. Scam. Because when I cancel, you charge me 5 dollars. Shame. No wonder there is a long line for the yellow NY cab lines. @user",667121,@user Here to help. Send us a note at https://t.co/593jusCquh so our team can connect.,2,driver_service_conduct,driver_service_conduct,False,Can be auto-handled with standard protocol / DM guidance,,Hi there! I'm really sorry to hear about your experience at JFK. That’s not how we want our riders to feel. I understand the frustration with the cancellation fee. Please DM me your account email and trip details so I can help you further. Thank you for your patience!
324316,324316,I would love to know why @user is trying to charge me when a driver cancelled on ME! When I was stood right there waiting.,324315,@user So sorry about that! Find out about our cancellation policy here; https://t.co/JyzdtQmyxT.,2,driver_service_conduct,driver_service_conduct,False,Can be auto-handled with standard protocol / DM guidance,,I’m really sorry to hear about the confusion with your fare after the driver canceled. That’s frustrating! Please DM us your account email and the trip details so we can look into this for you. Thank you for your patience!
687016,687016,"@user Thanks for incorrectly charging me and only giving me half a refund. (Sarcasm btw) Seriously, I want a full refund.",687015,@user We're here to help! Send us a DM with your email address and more details so we can follow up.,2,fare_billing_dispute,fare_billing_dispute,False,Can be auto-handled with standard protocol / DM guidance,,I’m really sorry to hear about the unexpected charge and the partial refund. I understand how frustrating this can be. Please DM me your account email and the trip details so I can help resolve this for you. Thank you for your patience!
2014318,2014318,@Uber_Support why am I charged $5 when I wait 20 min for a car that is 3 min away? And THEY cancel?!,2014317,"@user Thanks for reaching out, Amy, we'll be happy to give this a second look for you. Send us a note with the details at https://t.co/QsI1vsvcif.",2,fare_billing_dispute,fare_billing_dispute,False,Can be auto-handled with standard protocol / DM guidance,,I’m really sorry to hear about the unexpected charge and the cancellation. I understand how frustrating that can be. Please DM us your account email and the trip details so we can look into this for you. Thank you for your patience!
2268878,2268878,Ever had an Uber driver smell so bad you got a migraine? #Uber,2268877,@user Here to help! Please send us a note at https://t.co/fS660rQ8NQ and we'll be happy to look into this for you.,2,driver_service_conduct,driver_service_conduct,False,Can be auto-handled with standard protocol / DM guidance,,"I'm really sorry to hear about your experience. That sounds uncomfortable and frustrating. Your comfort matters to us! If you’d like to share more details, please DM us your account email and trip info so we can look into this further. Thank you for your understanding!"
1036575,1036575,@Uber_Support hello I keep getting the message redemption limit exceed when I enter a promo code. I am in Singapore.,1036574,@user We can take a closer look! Contact us here; https://t.co/lqVgKo4ZO3 so we can help.,2,app_account_access,app_account_access,False,Can be auto-handled with standard protocol / DM guidance,,"Hi there! I’m sorry to hear you’re having trouble with the promo code in Singapore. Please DM me your registered phone number and email, and I’ll get our tech team to assist you right away. Thank you for your patience!"
1067054,1067054,@Uber_Support @user you guys are trash . I start using uber for 2 days and yall stealing money out my account What kind of bullshit is this,1067053,@user Hey there! We've just followed up with you via DM.,2,general_feedback_other,general_feedback_other,False,Can be auto-handled with standard protocol / DM guidance,,I'm really sorry to hear about the issues you're experiencing with your account. I understand how frustrating this must be. Please DM us your registered phone number and email so our team can help resolve this for you. Thank you for your patience!
2364928,2364928,@user food just got delivered was cold and missing half my order?!?!,2364926,@user We're sorry to hear this. Please contact us via https://t.co/ZFaWy0Lkdu so our team can connect.,6,general_feedback_other,general_feedback_other,False,Can be auto-handled with standard protocol / DM guidance,,I’m really sorry to hear that your order arrived cold and incomplete. That’s frustrating! Please DM us with your order details so we can look into this for you and make it right. Thank you for your patience!
2428277,2428277,@user would it be alright if i removed my bank account from your directory? Im not going to use uber anymore.. https://t.co/LPfcCvG1gC,2428275,@user Here to help! Send us a note here: https://t.co/T9QCqACqox and our team will follow up.,4,fare_billing_dispute,fare_billing_dispute,False,Can be auto-handled with standard protocol / DM guidance,,"We understand your decision to stop using Uber, and we're here to help. Please DM us your registered email so we can assist you with removing your bank account from our directory. Thank you for being a part of our community!"
311673,311673,"Hey @Uber_Support, how can I report a hit and run from one of your drivers if I don't have an account with your company?",311672,"@user Oh no! We hope everyone is OK. Please DM us your email address, phone number, and any details you may have about the partner.",2,safety_critical,safety_critical,True,P0 physical safety risk requires immediate human safety team triage,,I'm so sorry to hear about your experience. Your safety is our top priority. Please DM us your phone number so our safety team can reach out to you directly and assist with reporting the incident. Thank you for bringing this to our attention.
2950077,2950077,"@user @user @Uber_Support It had been a really long time waiting for a response, Previously I was told that I will be contacted soon but got no reply, can uber give me any details for my ticket #35186. They don't even reply to the police officers (see images) https://t.co/LqhiwJvSgN",2950075,"@user Hi, Gaurav! Here to help. Kindly send us your email address so our team can follow-up.",5,safety_critical,safety_critical,True,P0 physical safety risk requires immediate human safety team triage,,I'm really sorry to hear about your experience and the delay in communication regarding ticket #35186. Your safety is our top priority. Please DM us with your phone number so our safety team can reach out to you directly. Thank you for your patience.
1800618,1800618,"@user driver cancelled. I got charged fee “for his time.” I called him twice and texted since he couldn’t find me, no response. Not right.",1800616,@user We apologize for the trouble! Please send us a note at https://t.co/QsI1vsvcif and our team will be in touch.,4,fare_billing_dispute,fare_billing_dispute,False,Can be auto-handled with standard protocol / DM guidance,,I'm really sorry to hear about the cancellation and the unexpected fee. I understand how frustrating this can be. Please DM me your account email and trip details so I can help you resolve this. Thank you for your patience!
1934605,1934605,@user worst time for getting assistance in login error. neither i able to reset my account with mob 9049993602 nor found any link to contact,1934604,@user Here to help! Please send us a note via https://t.co/Md7v036OoC so our team can connect.,9,app_account_access,app_account_access,False,Can be auto-handled with standard protocol / DM guidance,,I’m sorry to hear you’re having trouble logging in. Please DM me your registered email and phone number so our tech team can assist you with this issue. We’re here to help!
1254062,1254062,"@user used a discount code, it said it worked but nothing happened? Help!",1254061,"@user Sorry to hear about this, Marin! Please DM us your email address and we'll follow up.",2,app_account_access,app_account_access,False,Can be auto-handled with standard protocol / DM guidance,,"I’m sorry to hear you’re having trouble with your discount code! Please DM me your registered phone number and email, and I’ll connect you with our tech team to get this sorted out. Thank you for your patience!"
303061,303061,Just had the most rude and horrible @user driver of my LIFE. Made me very upset and will never be using this company again.,303060,@user Here to help! Please contact us via https://t.co/fS660rQ8NQ so we can follow up.,4,driver_service_conduct,driver_service_conduct,False,Can be auto-handled with standard protocol / DM guidance,,I'm really sorry to hear about your experience with your driver. That’s not the level of service we strive for. Please DM me your account email and any details about the trip so we can address this properly. Your feedback is important to us.
524345,524345,"What a disaster. 2 @user drivers cancel &amp; don’t understand the concept of “Stay there, I’ll walk to you.” Next driver (in Toyota Corolla) pulls up and doesn’t ask for my name (wrong Corolla) so we cancel, last Uber gets pulled over for an illegal left, no plates, no insurance 😂",524344,@user Here to help. Send us a note at https://t.co/593jusU1lP so our team can connect.,2,safety_critical,safety_critical,True,P0 physical safety risk requires immediate human safety team triage,,"I'm really sorry to hear about your experience. Safety is our top priority, and we want to address this right away. Please DM us your phone number so our safety team can reach out and assist you further. Thank you for your patience!"
1652235,1652235,"@Uber_Support I can't connect to my account, it's tied to an old phone number and the only options I get in the 2FA screen both use that phone number",1652234,"@user We're here to help, Luis. Please send us a DM with your account email address + phone number and we'll follow up shortly.",2,lost_item,lost_item,False,Can be auto-handled with standard protocol / DM guidance,,Hi there! I understand how frustrating it can be to be locked out of your account. Please DM us your registered email and phone number so our tech team can help you regain access. We're here for you!
2014090,2014090,"@user Hi! I was on the app and it had a promo code, but when I touched the field, it disappeared. It was “KILLER—“ something. Help?",2014089,@user We're here to help! Please send us a note here; https://t.co/iMxFJdr4fj so our team can assist.,2,app_account_access,app_account_access,False,Can be auto-handled with standard protocol / DM guidance,,"Hi there! I’m sorry to hear the promo code disappeared. Please DM me your registered phone number and email, and I’ll get our tech team to assist you in retrieving it. Thank you for your patience!"
582158,582158,@user @Uber_Support My complaint has not been resolved for more than week.. Helpless with this.. Please correct the status of refund and do reply https://t.co/jrseM7hv6S,582156,@user Here to help! Please send us a DM with your email address and phone number so we can connect.,4,fare_billing_dispute,fare_billing_dispute,False,Can be auto-handled with standard protocol / DM guidance,,I’m really sorry to hear about the delay with your refund. I understand how frustrating this must be. Please DM me your account email and the trip details so I can help resolve this for you as quickly as possible. Thank you for your patience!
1275183,1275183,Might be a little late @user @user the @user had a crash ! https://t.co/dna3Ndc78z,1275181,@user We hope everyone is ok. Please DM us your email address so we can follow up immediately.,4,safety_critical,safety_critical,True,P0 physical safety risk requires immediate human safety team triage,,I'm really sorry to hear about the crash. Your safety is our top priority. Please DM us your phone number so our safety team can reach out and assist you right away. Take care!
662856,662856,@user left my bag in Uber! English as second language for driver. Help?,662855,@user Here to help. Send us a note at https://t.co/rOtqyWzf0B so our team can connect.,4,lost_item,lost_item,False,Can be auto-handled with standard protocol / DM guidance,,"I'm sorry to hear about your bag! Please check the app under Activity > Find lost item > Contact driver to reach out directly. If you need more help, feel free to DM us your email and we can assist further. Thank you for your patience!"
2751208,2751208,"@user ordered wheelchair accessible uber saturday night and both times, a small vehicle turned up. Drivers were apologetic &amp; no charge and said the app doesn't have 'ACCESS' their end, meaning it doesn't matter if you select wheelchair access or not :/ That's illegal here",2751206,@user Here to help! Connect with us through https://t.co/zUe0dj6yoX and we'll be in touch.,3,safety_critical,safety_critical,True,P0 physical safety risk requires immediate human safety team triage,,"I'm really sorry to hear about your experience with the wheelchair accessible vehicle. Your safety is our top priority, and I want to ensure this gets addressed. Please DM me your phone number so our safety team can reach out and assist you further. Thank you for bringing this to our attention."
2241556,2241556,"No joke, this @user driver just made me miss my MegaBus because he had to take an ""emergency dump"" in my neighbors yard. He gets back in the car and goes ""I'm sorry, brah"" ... WTF. https://t.co/beDW3ycdyc",2241555,@user We're here to help! Please send us a note via https://t.co/vZ2zCuaLbs so we can connect.,2,safety_critical,safety_critical,True,P0 physical safety risk requires immediate human safety team triage,,I'm really sorry to hear about your experience. Your safety is our top priority. Please DM us your phone number so our safety team can reach out and assist you further. Thank you for bringing this to our attention.
821782,821782,@user Bought a GC for friend going through chemo. App didn't work but ya charged me &amp; she go the email but code did NOT work.🙁Embarrassed https://t.co/UvMizTh1Yc,821781,"@user We're here to help! Send us a note here, https://t.co/R8Xm8a7StU, and our team will be in touch.",2,fare_billing_dispute,fare_billing_dispute,False,Can be auto-handled with standard protocol / DM guidance,,I'm so sorry to hear about the trouble with the gift card for your friend. I can imagine how frustrating that must be. Please DM me your registered email and any details about the transaction so I can help resolve this for you. Thank you for your patience!
1427718,1427718,Hey @user - I'm late for a $200 appointment because 3 Ubers cancelled on me. How are you going to rectify this?,1427717,"@user Sorry for the trouble! Send us a note here, https://t.co/593jusCquh, and our team will follow up.",6,driver_service_conduct,driver_service_conduct,False,Can be auto-handled with standard protocol / DM guidance,,I'm really sorry to hear about the cancellations and the impact on your appointment. I understand how frustrating this must be. Please DM me your phone number so I can connect you with our support team for immediate assistance. We're here to help!
717240,717240,"Wow, @Uber_Support has literally the least helpful customer service in history. Learn from Amazon &amp; Zappo's, y'all.",717239,"@user We're here to help, Natalie. Please DM us with the issue you are having, so we can connect about this matter. https://t.co/sd7yH5jmbJ",2,general_feedback_other,general_feedback_other,False,Can be auto-handled with standard protocol / DM guidance,,I'm really sorry to hear about your experience. We strive to improve and your feedback is invaluable. Please DM us your account email or any specific details so we can address your concerns directly. Thank you for your patience!
666325,666325,@user this rude idiot then canceled my ride https://t.co/AH77S6TMNm,666324,@user Here to help. Send us a note at https://t.co/593jusCquh so our team can connect.,2,driver_service_conduct,driver_service_conduct,False,Can be auto-handled with standard protocol / DM guidance,,"I'm really sorry to hear about your experience. That must have been frustrating. If you could DM us your account email and any details about the ride, we'll look into this for you. Your comfort and safety are our top priorities!"
1379974,1379974,"28 October, 00:35. Amount of illegal turns made at Eglinton/Mt. Pleasant: 2. One white car with an @user sign in front window @user",1379973,@user Happy to take a closer look! Send us a DM with your email address and additional details so we can connect.,2,safety_critical,safety_critical,True,P0 physical safety risk requires immediate human safety team triage,,"We take safety very seriously, and I’m sorry to hear about your experience. Please DM us your phone number so our safety team can reach out and address this issue. Your safety is our top priority. Thank you for bringing this to our attention!"
1739119,1739119,"@Uber_Support i ordered ubereats and the food never showed up, said delivered but never came and the app help has responded in 30 minutes",1739118,@user We've responded via DM!,2,driver_service_conduct,driver_service_conduct,False,Can be auto-handled with standard protocol / DM guidance,,I'm really sorry to hear that your Uber Eats order didn't arrive as expected. That must be frustrating! Please send us a DM with your phone number and order details so we can help resolve this for you. Thank you for your patience!
2502205,2502205,@user @Uber_Support When I have not taken ride and your driver has canceled the ride my himself why I am I liable to pay the cancellation charges due to your’s driver unprofessional behaviour @user @user https://t.co/oRQsddyTI5,2502204,@user Sorry to hear about this. Please DM us the email address connected with your account profile so we can take a closer look.,4,driver_service_conduct,driver_service_conduct,False,Can be auto-handled with standard protocol / DM guidance,,I’m really sorry to hear about the cancellation charge you faced. It’s frustrating when things don’t go as expected. Please DM us your account email and any trip details so we can look into this for you. We're here to help!
1000237,1000237,Fuck @user they charged my account twice last night with separate transactions and don’t have a number to contact in order to dispute it,1000236,@user We're here to help! Send us a note via https://t.co/dInR3racif so our team can assist.,2,fare_billing_dispute,fare_billing_dispute,False,Can be auto-handled with standard protocol / DM guidance,,"I'm really sorry to hear about the double charge on your account. I understand how frustrating that can be. Please DM me your account email and the details of the trips, and I’ll help you get this sorted out. Thank you for your patience!"
423060,423060,@Uber_Support I got an email for change of password I didn't request. No longer can log in. What should I do? Anyone I can contact?,423059,"@user We'd like to look into this, Aaron. Please send us a note at https://t.co/J1AzB6DDDr and a member of our team will reach out.",2,app_account_access,app_account_access,False,Can be auto-handled with standard protocol / DM guidance,,"Hi there! I'm sorry to hear about the password change email you received. Please DM us with your registered phone number and email, and we'll help you regain access to your account. Your security is our priority!"
2759182,2759182,@user my ride sucked. I wanted to throw up because the driver had an odor and the car smelled.,2759181,@user Here to help! Please send us a note via https://t.co/fS660rQ8NQ so our team can connect.,2,driver_service_conduct,driver_service_conduct,False,Can be auto-handled with standard protocol / DM guidance,,I’m really sorry to hear about your experience. That’s not the standard we aim for. Please DM us your phone number so we can address this with our team and ensure it doesn’t happen again. Thank you for bringing it to our attention!
462567,462567,@Uber_Support please call me at (901) 440-9726. I have an emergency,462566,"@user At this moment, we don't offer phone support for these issues. We're sorry for any inconvenience. Visit this link https://t.co/balq3Eyso6 so our team can assist.",2,safety_critical,safety_critical,True,P0 physical safety risk requires immediate human safety team triage,,We're so sorry to hear you're in an emergency. Your safety is our top priority. Please send us a DM with your phone number so our safety team can reach out to you immediately. We're here to help.
65928,65928,There's also been an increasing amount of uber drivers cancelling on me and my friends lately. I've even had one stop around the corner and refuse to answer the phone waiting for me to cancel. @Uber_Support what's up with that?,65926,"@user A member of our team has reached out so please check your rider app under the 'Help' section OR email inbox to see our response. If you have any additional questions or concerns, please be sure to follow up there so we can help.",3,lost_item,lost_item,False,Can be auto-handled with standard protocol / DM guidance,,I'm really sorry to hear about your experience with cancellations. That’s definitely frustrating. Please DM us your phone number so we can look into this further and help improve your rides. Your experience matters to us!
735778,735778,"@Uber_Support Worst exp! Driver unprofessional, late &amp; lazy! Food was burnt! Also, @AskAmex credit wasn’t applied. Paid in full for crap!",735775,@user So sorry to hear about your experience! Can you please contact us via https://t.co/hVMgTsth35 so our team can connect.,10,driver_service_conduct,driver_service_conduct,False,Can be auto-handled with standard protocol / DM guidance,,I'm really sorry to hear about your experience. It’s frustrating when things don’t go as expected. Please DM us your account email and trip details so we can look into the driver’s conduct and the credit issue. We want to make this right for you!
709620,709620,"@Uber_Support extremely disappointed in uber. I reported and unsafe incident last night and have gotten no reply, on the app or on Twitter!",709619,@user We followed up with you via DM.,2,safety_critical,safety_critical,True,P0 physical safety risk requires immediate human safety team triage,,I'm really sorry to hear about your experience and understand how concerning this is. Your safety is our top priority. Please DM us your phone number so our safety team can reach out to you directly. Thank you for bringing this to our attention.
518921,518921,@Uber_Support I keep getting contacted about an accident I was in. I didn't report being in an accident. Freaking me out.,518920,@user We can definitely take a look! Send us a DM with your email address and details so we can follow up.,2,safety_critical,safety_critical,True,P0 physical safety risk requires immediate human safety team triage,,I'm really sorry to hear that you're feeling this way. Your safety is our top priority. Please DM us your phone number so our safety team can reach out and assist you directly. We're here to help!
2104648,2104648,"@user hello, I have a discount code for £20 for use in the United Kingdom. Can this be converted to $ for use in the United States?",2104647,"@user We're happy to help! For more information on this, click here; https://t.co/CSw3jYhCzc. Feel free to reach out with any further questions.",4,app_account_access,app_account_access,False,Can be auto-handled with standard protocol / DM guidance,,"Hi there! Unfortunately, discount codes are specific to the country they were issued in and can't be converted. If you have any other questions or need assistance, feel free to DM us! We're here to help!"
946979,946979,Uhm my uber driver is smoking and I don't wanna smell like cigarette when I go out..,946978,@user We're so sorry about that! Please send us a DM with your email address with details so we can connect.,2,driver_service_conduct,driver_service_conduct,False,Can be auto-handled with standard protocol / DM guidance,,"I'm really sorry to hear that your driver is smoking during your ride. Your comfort is important to us. Please consider ending the trip if you're uncomfortable, and feel free to DM us your phone number so we can address this with our team. Thank you for bringing this to our attention!"
504256,504256,"@user @Uber_Support my drivers phone died in the middle of my ride, he has dropped me off at my destination, but the riding is still active in the app, I don’t want to be over charged because of his error",504255,@user We're here to help! Send us a note via https://t.co/WFtPA6RjWt so our team can assist.,2,lost_item,lost_item,False,Can be auto-handled with standard protocol / DM guidance,,"Hi there! I understand how concerning this is. Please rest assured, you won't be overcharged. To resolve this, please DM us your account email and trip details so we can assist you further. Thank you for your patience!"
668580,668580,@Uber_Support I am stuck between a rock and a hardplace. Your password is asking for SMS verification and my phone is stuck in your driver's car.,668579,@user Sorry to hear about this! Send a DM with the e-mail or phone number for your account and we'll look into it for you. https://t.co/sd7yH5jmbJ,2,lost_item,lost_item,False,Can be auto-handled with standard protocol / DM guidance,,"I'm really sorry to hear that! Please try to access the app through a different device if possible. You can also go to Activity > Find lost item > Contact driver to report your phone. If you need more help, feel free to DM us your email and phone number. We're here for you!"
20059,20059,my uber just told me he’s a drunk uber halfway through our ride? on the highway? let me out sir?,20056,"@user We can absolutely follow up, Dani! Can you please send us a note via https://t.co/IeSxT5cVHC?",4,safety_critical,safety_critical,True,P0 physical safety risk requires immediate human safety team triage,,I'm really sorry to hear that you're in this situation. Your safety is our top priority. Please exit the ride if you feel unsafe. DM us your phone number so our safety team can reach out to you immediately. Stay safe!
2987364,2987364,"@user ,It’s absolute nonsense that it took 25 minutes for your driver to realize he wants to cancel a trip.",2987363,@user We're here to help! Send us a note via https://t.co/593jusCquh so our team can connect.,2,general_feedback_other,general_feedback_other,False,Can be auto-handled with standard protocol / DM guidance,,"I completely understand your frustration. Waiting 25 minutes for a cancellation is certainly not ideal. Your feedback is important, and I’ll make sure it’s shared with the team. If you need further assistance, feel free to DM us your account details. Thank you for your patience!"
1778016,1778016,@user I’ve never used a promo before yet Uber eats won’t allow me to add any on my account. HELP,1778015,"@user Happy to help! Send us a note here, https://t.co/h3vAjBLlBH, and our team will follow up.",2,general_feedback_other,general_feedback_other,False,Can be auto-handled with standard protocol / DM guidance,,"Hi there! I’m sorry to hear you’re having trouble with promo codes on your Uber Eats account. Let’s get this sorted out! Please DM me your registered phone number and email, and I’ll connect you with our tech team for assistance. Thank you!"
229041,229041,@Uber_Support my account seems to be hacked by someone in Bangladesh. Pls help,229039,"@user Let's take a look, Jubilant! Please reach out at https://t.co/J1AzB6DDDr and a member of our team will follow up.",4,general_feedback_other,general_feedback_other,False,Can be auto-handled with standard protocol / DM guidance,,I'm really sorry to hear that your account may have been compromised. Your safety is our top priority. Please DM us your registered phone number and email so our team can assist you right away. We're here to help!
1072818,1072818,One of @user drivers had the nerve to charge me a toll fee for no reason. I better get my $5 back!,1072815,@user We can definitely take a look. Please send us a note here; https://t.co/ijTJHFJJTx and our team will get in touch.,5,fare_billing_dispute,fare_billing_dispute,False,Can be auto-handled with standard protocol / DM guidance,,I’m sorry to hear about the unexpected toll fee! I understand how frustrating that can be. Please DM me your account email and trip details so I can help you resolve this. Thank you for your patience!
1098772,1098772,@Uber_Support how can I claim for a ride that was charged but not done? Thanks,1098771,"@user Happy to help! Send us a note here, https://t.co/1xM0TJ36sg, and our team will follow up.",2,fare_billing_dispute,fare_billing_dispute,False,Can be auto-handled with standard protocol / DM guidance,,"I'm really sorry to hear about the charge for a ride that didn’t happen. I understand how frustrating this can be. Please DM us with your account email and the trip details, and we’ll help you sort this out as quickly as possible. Thank you!"
518928,518928,Please make your sign in faster. Why do I need to login after I verify my phone # via SMS code? Not helping to catching a taxing during transit. @user,518927,@user Here to help! Please reach out to https://t.co/zUe0djo9gv and fill out the 4 boxes at the bottom so we can get in touch.,2,lost_item,lost_item,False,Can be auto-handled with standard protocol / DM guidance,,"I understand how frustrating it can be to sign in after verifying your phone number. Your time is valuable, especially during transit. Please DM me your registered phone number and email, and I’ll ensure our tech team looks into this for you. Thank you for your patience!"
1044569,1044569,@Uber_Support I was in an accident while picking up a passenger please help,1044568,@user Oh no! Thanks for bringing this to our attention. DM us your account email along with details for assistance.,2,safety_critical,safety_critical,True,P0 physical safety risk requires immediate human safety team triage,,I'm so sorry to hear about the accident. Your safety is our top priority. Please DM us your phone number so our safety team can reach out to you right away. We're here to help you through this.
1450192,1450192,@Uber_Support Uber is fooling us as they say tht we provide promo code but ultimately disable promo feature of the account so we can't apply,1450190,@user Sorry to hear about the trouble! Please write us a note at https://t.co/OhfgxSAY58 so we can sort this out.,5,app_account_access,app_account_access,False,Can be auto-handled with standard protocol / DM guidance,,I’m really sorry to hear you’re having trouble with the promo code feature. I understand how frustrating this can be. Please DM me your registered phone number and email so I can help you get this sorted out with our tech team. Thank you for your patience!
1416104,1416104,@Uber_Support I was charged for an order that was totally messed up 20 days ago. My bank hasn't received the refund. Email support useless,1416102,@user We'd like to follow up on this. Can you please send us a DM?,3,fare_billing_dispute,fare_billing_dispute,False,Can be auto-handled with standard protocol / DM guidance,,I’m really sorry to hear about the trouble with your order and the delay in your refund. I understand how frustrating this can be. Please DM me your account email and the trip details so I can assist you further. Thank you for your patience!
1373768,1373768,@Uber_Support filled in driver info last night &amp; after an email issue still waiting to hear if I’ve been accepted. #driverapp,1373767,@user We can take a look! Send us a note via https://t.co/LDXEzScUGp so our team can get in touch.,2,general_feedback_other,general_feedback_other,False,Can be auto-handled with standard protocol / DM guidance,,Hi there! I understand how important it is to get updates on your driver application. Please send us a DM with your registered email so we can check the status for you. We're here to help!
558542,558542,@Uber_Support SMS verification failed on Essential PH-1,558541,@user Here to help. Send us a note at https://t.co/7noMs7ap6M so our team can connect.,4,app_account_access,app_account_access,False,Can be auto-handled with standard protocol / DM guidance,,"I'm sorry to hear you're having trouble with SMS verification on your Essential PH-1. Please DM us with your registered phone number and email, and we'll get you the help you need to access your account. Thank you for your patience!"
2698065,2698065,So @user just changed us 125£ for a 8£ ride. For the ‘mess’ the driver had to clean. And sent fake photos as evidence!! @user,2698064,@user Hi there! Please send us a note at https://t.co/a6RfeBkKmr and we'll be happy to look into this for you.,2,general_feedback_other,general_feedback_other,False,Can be auto-handled with standard protocol / DM guidance,,I'm really sorry to hear about the unexpected charge and the situation with the photos. I understand how frustrating this must be for you. Please DM us your account email and trip details so we can look into this for you. Thank you for your patience!
2221435,2221435,@user so silent treatment just standard company policy these days? @Uber_Support #uber #Adelaide #ubereats,2221434,@user We've received your DM and a member of our team has reached out. Please review your messages for our response.,2,general_feedback_other,general_feedback_other,False,Can be auto-handled with standard protocol / DM guidance,,"I’m really sorry to hear you feel this way. We strive to provide timely support, and I understand how frustrating it can be. Please DM us your account email and any specific details so we can assist you better. Your feedback is important to us!"
